{"Keys":["com.unity.services.core.cloud-environment","com.unity.services.cloudsave.version","com.unity.services.cloudsave.initializer-assembly-qualified-names","com.unity.services.core.version","com.unity.services.core.initializer-assembly-qualified-names","com.unity.services.authentication.version","com.unity.services.authentication.initializer-assembly-qualified-names","com.unity.services.lobby.version","com.unity.services.lobby.initializer-assembly-qualified-names","com.unity.services.cloudcode.version","com.unity.services.cloudcode.initializer-assembly-qualified-names","com.unity.services.wire.version","com.unity.services.wire.initializer-assembly-qualified-names","com.unity.services.core.all-package-names","com.unity.services.core.environment-name"],"Values":[{"m_Value":"production","m_IsReadOnly":false},{"m_Value":"3.2.0","m_IsReadOnly":true},{"m_Value":"Unity.Services.CloudSave.CloudSaveInitializer, Unity.Services.CloudSave, Version=0.0.0.0, Culture=neutral, PublicKeyToken=null","m_IsReadOnly":true},{"m_Value":"1.12.5","m_IsReadOnly":true},{"m_Value":"Unity.Services.Core.Registration.CorePackageInitializer, Unity.Services.Core.Registration, Version=0.0.0.0, Culture=neutral, PublicKeyToken=null;Unity.Services.Core.Internal.IInitializablePackageV2, Unity.Services.Core.Internal, Version=0.0.0.0, Culture=neutral, PublicKeyToken=null","m_IsReadOnly":true},{"m_Value":"3.3.1","m_IsReadOnly":true},{"m_Value":"Unity.Services.Authentication.PlayerAccounts.PlayerAccountsPackageInitializer, Unity.Services.Authentication.PlayerAccounts, Version=0.0.0.0, Culture=neutral, PublicKeyToken=null;Unity.Services.Authentication.AuthenticationPackageInitializer, Unity.Services.Authentication, Version=0.0.0.0, Culture=neutral, PublicKeyToken=null","m_IsReadOnly":true},{"m_Value":"1.2.1","m_IsReadOnly":true},{"m_Value":"Unity.Services.Lobbies.LobbyServiceProvider, Unity.Services.Lobbies, Version=0.0.0.0, Culture=neutral, PublicKeyToken=null","m_IsReadOnly":true},{"m_Value":"2.6.1","m_IsReadOnly":true},{"m_Value":"Unity.Services.CloudCode.Internal.CloudCodeServiceProvider, Unity.Services.CloudCode, Version=0.0.0.0, Culture=neutral, PublicKeyToken=null;Unity.Services.CloudCode.CloudCodeInitializer, Unity.Services.CloudCode, Version=0.0.0.0, Culture=neutral, PublicKeyToken=null","m_IsReadOnly":true},{"m_Value":"1.2.5","m_IsReadOnly":true},{"m_Value":"Unity.Services.Wire.Internal.WireServiceProvider, Unity.Services.Wire.Internal, Version=0.0.0.0, Culture=neutral, PublicKeyToken=null","m_IsReadOnly":true},{"m_Value":"com.unity.services.cloudsave;com.unity.services.core;com.unity.services.authentication;com.unity.services.lobby;com.unity.services.cloudcode;com.unity.services.wire","m_IsReadOnly":false},{"m_Value":"production","m_IsReadOnly":false}]}